a,홍길동,hgd@naver.com,010-1111-2222,990101-1231231
김철수,kcs@naver.com,010-1231-1231,031212-3231312
홍길남,hgn1@naver.com,010-2322-2324,020121-3232323
김영희,kyh@gmail.com,010-7878-6654,991122-2113333
이민준,leemj@daum.net,010-4334-3423,880120-1232111
박서준,psj123@naver.com,010-2222-3346,040405-3232444
서하준,shj99@gmail.com,010-9787-7878,010831-3090909
김도윤,kdy@naver.com,010-1111-1234,981029-1133332
박주원,pjwon@daum.net,010-0002-0323,990607-1344553
황예준,hyj@gmail.com,010-4545-6666,010714-3229393
최시우,csw123@naver.com,010-7674-3453,001231-3231231
이지호,2jiho@naver.com,010-4543-4646,981128-1991111
김준우,kimjw@gmail.com,010-3434-6666,001118-1331133
조유준,joyj@daum.net,010-9999-8888,010506-3344453
임서윤,limsy@naver.com,010-9876-2323,990503-2232123
유하연,yhy@naver.com,010-4567-4545,010808-4432324
안지우,ajw@gmail.com,010-3039-0393,001213-4323231
나하린,nahl@naver.com,010-9992-2323,991004-2233231
박수아,psa55@naver.com,010-9093-2323,030909-4333222
김서현,kimsh@gmail.com,010-8888-5566,990305-2123123